{"branch_id":"c4021cc7-422b-4d51-8ab9-37ae8f26e1a2","name":"Untitled","created":"2023-01-16T17:13:58.987Z","settings":{"physics":{"gravity":[0,-9.8,0]},"render":{"lightmapFilterRange":10,"fog_end":1000,"lightmapFilterEnabled":false,"ambientBake":false,"tonemapping":0,"lightingAreaLightsEnabled":false,"lightingShadowType":0,"ambientBakeOcclusionContrast":0,"skybox":122774508,"lightingCookieAtlasResolution":2048,"fog_density":0.01,"lightmapFilterSmoothness":0.2,"gamma_correction":1,"exposure":1,"lightingShadowsEnabled":true,"fog_start":1,"skyboxIntensity":1,"global_ambient":[0.2,0.2,0.2],"ambientBakeNumSamples":1,"fog_color":[0,0,0],"lightingCells":[10,3,10],"lightmapMode":1,"lightingCookiesEnabled":false,"clusteredLightingEnabled":false,"ambientBakeSpherePart":0.4,"fog":"none","ambientBakeOcclusionBrightness":0,"lightmapMaxResolution":2048,"lightingMaxLightsPerCell":255,"lightingShadowAtlasResolution":2048,"skyboxMip":2,"lightmapSizeMultiplier":16,"skyboxRotation":[0,0,0]}},"entities":{"2a568cf2-95c1-11ed-a04d-c2a4dc9d34bd":{"position":[0,0,0],"scale":[1,1,1],"name":"Root","parent":null,"resource_id":"2a568cf2-95c1-11ed-a04d-c2a4dc9d34bd","components":{},"rotation":[0,0,0],"tags":[],"enabled":true,"children":["2a568e82-95c1-11ed-a04d-c2a4dc9d34bd","2a568f86-95c1-11ed-a04d-c2a4dc9d34bd","2a569076-95c1-11ed-a04d-c2a4dc9d34bd"]},"2a568e82-95c1-11ed-a04d-c2a4dc9d34bd":{"position":[4,3.5,4],"scale":[1,1,1],"name":"Camera","parent":"2a568cf2-95c1-11ed-a04d-c2a4dc9d34bd","resource_id":"2a568e82-95c1-11ed-a04d-c2a4dc9d34bd","components":{"camera":{"projection":0,"farClip":1000,"clearColorBuffer":true,"layers":[0,1,2,3,4],"priority":0,"fov":81.2,"clearDepthBuffer":true,"frustumCulling":true,"clearColor":[0.13725490196078433,0.7490196078431373,0.1607843137254902,1],"enabled":true,"orthoHeight":4,"nearClip":0.1,"rect":[0,0,1,1]},"script":{"enabled":true,"order":["orbitCamera","mouseInput","touchInput"],"scripts":{"orbitCamera":{"enabled":true,"attributes":{"autoRender":true,"distanceMax":10,"distanceMin":10,"pitchAngleMax":90,"pitchAngleMin":-90,"inertiaFactor":0,"focusEntity":"2a569076-95c1-11ed-a04d-c2a4dc9d34bd","frameOnStart":true}},"mouseInput":{"enabled":true,"attributes":{"orbitSensitivity":0.3,"distanceSensitivity":0.15}},"touchInput":{"enabled":true,"attributes":{"orbitSensitivity":0.4,"distanceSensitivity":0.2}}}}},"rotation":[-30,45,0],"tags":[],"enabled":true,"children":[]},"2a568f86-95c1-11ed-a04d-c2a4dc9d34bd":{"position":[2,2,-2],"scale":[1,1,1],"name":"Light","parent":"2a568cf2-95c1-11ed-a04d-c2a4dc9d34bd","resource_id":"2a568f86-95c1-11ed-a04d-c2a4dc9d34bd","components":{"light":{"castShadows":true,"isStatic":false,"vsmBlurSize":11,"shadowUpdateMode":2,"normalOffsetBias":0.05,"color":[1,1,1],"bakeArea":0,"numCascades":1,"outerConeAngle":45,"bakeNumSamples":1,"affectDynamic":true,"intensity":1,"bakeDir":true,"cookieAngle":0,"affectLightmapped":false,"cookieChannel":"rgb","innerConeAngle":40,"shadowBias":0.2,"bake":false,"falloffMode":0,"cookieAsset":null,"vsmBias":0.01,"layers":[0],"cookieIntensity":1,"cascadeDistribution":0.5,"cookieOffset":[0,0],"shadowResolution":1024,"cookieScale":[1,1],"enabled":true,"shape":0,"range":8,"vsmBlurMode":1,"shadowDistance":16,"type":"directional","cookieFalloff":true,"shadowType":0}},"rotation":[45,135,0],"tags":[],"enabled":true,"children":[]},"2a569076-95c1-11ed-a04d-c2a4dc9d34bd":{"position":[0,0.5,0],"scale":[1,1,1],"name":"Box","parent":"2a568cf2-95c1-11ed-a04d-c2a4dc9d34bd","resource_id":"2a569076-95c1-11ed-a04d-c2a4dc9d34bd","components":{"render":{"isStatic":false,"castShadows":true,"castShadowsLightmap":true,"rootBone":null,"lightmapped":false,"batchGroupId":null,"layers":[0],"receiveShadows":true,"enabled":true,"asset":null,"materialAssets":[null],"type":"box","lightmapSizeMultiplier":1}},"rotation":[0,0,0],"tags":[],"enabled":true,"children":[]}},"checkpoint_id":"59fc31c9-219d-4c8b-bdde-cfdcc7741bb5","id":1670710}